Record ID,G12,,Awardee Name,Project Type,Date filed,SSNs,SSN sharing,Linkage Medicare,Linkage insurance,Linkage NDI,Linkage EHR,Linkage VA,No Linkage,Individual CDE Exception,Participant Group Exception,CDE Wording Exception,Other CDE Exception,No Exception Needed,Consent,Location,Sociodemographics,Housing,Work,Medical History,Health Status,Vaccination,Testing,COVID Test,Symptoms,Alcohol and Tobacco,Identity,consent required,Date of Consent,consent_identifiers,consent_ssn,consent_zip,consent_recontact,Project/protocol exception,study population exception,enrollment exception,volume exception,community trust exception,Community Advisory Board exception,Tribal Nation exception,County,Zip Code,Project exception,study population exception,enrollment exception,volume exception,community trust exception,Community Advisory Board exception,Tribal Nation exception,sociodem_date,race,race_asian,race_islander,race_origin.,race_ethn_hispanic,race_ethn_hispanic_detail,race_ethn_hispanic_other,age,bio_sex_birth,gender_identity,pregnancy_status,sex_orient,edu_years_of_school,Project exception,study population exception,enrollment exception,volume exception,community trust exception,Community Advisory Board exception,Tribal Nation exception,housing_date,household_famgen,household_homeless,household_congregate,household_other,jobloss_covid19,current_employment_status,cur_employ_stat_specify,essential worker,employed_healthcare,health insurance,hi_loss_covid,covid_pandemic_challenges,covid_pandemic_challenges_healthcare,covid_pandemic_challenges_abode,covid_pandemic_challenges_food,covid_pandemic_challenges_water,covid_pandemic_challenges_medications,covid_pandemic_challenges_transportation,language_english,language_spoken,language_spoken_other,family_income,Project exception,study population exception,enrollment exception,volume exception,community trust exception,Community Advisory Board exception,Tribal Nation exception,work_ppe_date,work_wash,work_closecontact,work_ppe,Project/protocol exception,study population exception,enrollment exception,volume exception,community trust exception,Community Advisory Board exception,Tribal Nation exception,med_hx_date,current_conditions,Immunocompromised,Autoimmune,Hypertension,Diabetes,CKD,Cancer,CVD,Asthma,COPD,lung disease,Sickle Cell ,Depression,Alcohol,Intravenous drug use,mental health disorder,chronic condition,Requested exception is not applicable to Project/protocol),Requested exception is not applicable to study population),Requested exception would negatively impact enrollment),The volume of participant enrollment and available time with participants will not allow for collection of CDEs),Requested exception would negatively impact community relationship),Community Advisory Board ruled to exclude requested exception),Tribal Nation / data sovereignty),hlthstat_date_mdy: Date of Health Status Collection,self_reported_height_coded: How tall are you without shoes?,self_reported_height_feet: Feet,self_reported_height_inches: Inches,self_reported_height_meters: Meters,self_reported_height_centimeters: Centimeters,self_reported_weight_units: Please choose the units you would like to use for weight,self_reported_weight_kgs: How much do you weigh without clothes or shoes?�,self_reported_weight_lbs: How much do you weigh without clothes or shoes?�,"self_reported_health_status_assessment: Would you say your health in general is excellent, very good, good, fair, or poor?",self_reported_disability: Do you have a disability that interferes with your ability to carry out daily activities?�,Tier 1 health status CDEs: Reason for exception (select all that apply): (choice=Requested exception is not applicable to Project/protocol),Tier 1 health status CDEs: Reason for exception (select all that apply): (choice=Requested exception is not applicable to study population),Tier 1 health status CDEs: Reason for exception (select all that apply): (choice=Requested exception would negatively impact enrollment),Tier 1 health status CDEs: Reason for exception (select all that apply): (choice=The volume of participant enrollment and available time with participants will not allow for collection of CDEs),Tier 1 health status CDEs: Reason for exception (select all that apply): (choice=Requested exception would negatively impact community relationship),Tier 1 health status CDEs: Reason for exception (select all that apply): (choice=Community Advisory Board ruled to exclude requested exception),Tier 1 health status CDEs: Reason for exception (select all that apply): (choice=Tribal Nation / data sovereignty),vacc_date_mdy: Date of Vaccine Acceptance Collection,flu_vaccinehistind: Have you ever received a flu vaccination?,flu_vaccine_season: Have you received a flu vaccine this season (last 6 months)?,covid_vaccine: Have you received a COVID-19 vaccine?,vaccine_avail: How likely are you to get an approved COVID-19 vaccine when it becomes available?,vaccine_reasons: Why would you get a COVID-19 vaccine?,vaccine_concerns: Why would you NOT get a COVID-19 vaccine?,Tier 1 vaccine acceptance CDEs: Reason for exception (select all that apply): (choice=Requested exception is not applicable to Project/protocol),Tier 1 vaccine acceptance CDEs: Reason for exception (select all that apply): (choice=Requested exception is not applicable to study population),Tier 1 vaccine acceptance CDEs: Reason for exception (select all that apply): (choice=Requested exception would negatively impact enrollment),Tier 1 vaccine acceptance CDEs: Reason for exception (select all that apply): (choice=The volume of participant enrollment and available time with participants will not allow for collection of CDEs),Tier 1 vaccine acceptance CDEs: Reason for exception (select all that apply): (choice=Requested exception would negatively impact community relationship),Tier 1 vaccine acceptance CDEs: Reason for exception (select all that apply): (choice=Community Advisory Board ruled to exclude requested exception),Tier 1 vaccine acceptance CDEs: Reason for exception (select all that apply): (choice=Tribal Nation / data sovereignty),test_date_mdy: Date of Testing Collection,"isolate_maintain_job: If you were to test positive for COVID-19, would you be able to isolate without losing your job?","quarantine_maintain_job: If you would be exposed to someone with COVID-19, would you be able to quarantine without losing your job?",tested_for_covid: Have you ever been tested for COVID-19?,tested_positive_for_covid: Have you ever tested positive for COVID-19?,positivemonth_covidtest: What month did you first test positive for COVID-19?,positiveyear_covidtest: What year did you first test positive for COVID-19?,recentmonth_covidtest: What month did you have your most recent COVID-19 test?,recentyear_covidtest: What year did you have your most recent COVID-19 test?,recentresult_covidtest: What was the result of your most recent COVID-19 test?,cov_tst_mthd: How were you tested for your most recent test?,test_accesswhere: I know where I can get COVID-19 testing in my community.,test_accesseasy: It is easy to get tested for COVID-19.,Tier 1 testing CDEs: Reason for exception (select all that apply): (choice=Requested exception is not applicable to Project/protocol),Tier 1 testing CDEs: Reason for exception (select all that apply): (choice=Requested exception is not applicable to study population),Tier 1 testing CDEs: Reason for exception (select all that apply): (choice=Requested exception would negatively impact enrollment),Tier 1 testing CDEs: Reason for exception (select all that apply): (choice=The volume of participant enrollment and available time with participants will not allow for collection of CDEs),Tier 1 testing CDEs: Reason for exception (select all that apply): (choice=Requested exception would negatively impact community relationship),Tier 1 testing CDEs: Reason for exception (select all that apply): (choice=Community Advisory Board ruled to exclude requested exception),Tier 1 testing CDEs: Reason for exception (select all that apply): (choice=Tribal Nation / data sovereignty),covid_test_date_mdy: Date of COVID Test Information Collection,covid_test_target_disease_status: Participant Testing Disease Status,covid_test_approval: Quality and Regulatory,covid_test_approval_other: Other approval,covid_test_collection_setting: Test Collection Setting,covid_test_collection_setting_other: Other setting,covid_test_performed_location: Test Performed Location,covid_test_performed_location_other: Other performed location,covid_test_study_setting: Study Setting,covid_test_study_setting_other: Other study setting,covid_test_type: Test Method Target,covid_test_type_other: Other method target,covid_test_name: Test manufacturer (or LDT) and test name,covid_test_specimen_type: Specimen Type,covid_test_specimen_type_other: Other specimen type,covid_test_specimen_collector: Specimen Collector,covid_test_specimen_collector_other: Other specimen collector,covid_test_collect_datetime: Date and time specimen collected,covid_test_result_datetime: Date and time result received,covid_test_result_sent_datetime: Date and time result sent to participant,covid_test_result_raw: Raw test result (if not a Positive/Negative/Failed report),covid_test_result: Test result,covid_test_result_other: Other test result,Tier 1 covid test CDEs: Reason for exception (select all that apply): (choice=Requested exception is not applicable to Project/protocol),Tier 1 covid test CDEs: Reason for exception (select all that apply): (choice=Requested exception is not applicable to study population),Tier 1 covid test CDEs: Reason for exception (select all that apply): (choice=Requested exception would negatively impact enrollment),Tier 1 covid test CDEs: Reason for exception (select all that apply): (choice=The volume of participant enrollment and available time with participants will not allow for collection of CDEs),Tier 1 covid test CDEs: Reason for exception (select all that apply): (choice=Requested exception would negatively impact community relationship),Tier 1 covid test CDEs: Reason for exception (select all that apply): (choice=Community Advisory Board ruled to exclude requested exception),Tier 1 covid test CDEs: Reason for exception (select all that apply): (choice=Tribal Nation / data sovereignty),sym_date_mdy: Date of Symptom Collection,covidsympdesc: Have you had any of these symptoms during the past week?,covid_fever: Fever or chills,covid_cough: Cough,covid_diffbreath: Shortness of breath or difficulty breathing,covid_fatique: Lack of energy or general tired feeling,covid_myalgia: Muscle or body aches,covid_headache: Headache,covid_olfactory: New loss of taste or smell,"covid_runnynose: Sore throat, congestion or runny nose","covid_nausea: Feeling sick to your stomach or vomiting, diarrhea",covid_abpain: Abdominal Pain,covid_skinrash: Skin Rash,covid_other: Other,Tier 1 symptoms CDEs: Reason for exception (select all that apply): (choice=Requested exception is not applicable to Project/protocol),Tier 1 symptoms CDEs: Reason for exception (select all that apply): (choice=Requested exception is not applicable to study population),Tier 1 symptoms CDEs: Reason for exception (select all that apply): (choice=Requested exception would negatively impact enrollment),Tier 1 symptoms CDEs: Reason for exception (select all that apply): (choice=The volume of participant enrollment and available time with participants will not allow for collection of CDEs),Tier 1 symptoms CDEs: Reason for exception (select all that apply): (choice=Requested exception would negatively impact community relationship),Tier 1 symptoms CDEs: Reason for exception (select all that apply): (choice=Community Advisory Board ruled to exclude requested exception),Tier 1 symptoms CDEs: Reason for exception (select all that apply): (choice=Tribal Nation / data sovereignty),alcohol_date_mdy: Date of Alcohol/Tobacco Use Collection,"lifetime_use_alcohol: In your entire life, have you had at least 1 drink of any kind of alcohol, not counting small tastes or sips?",alcohol_daysperweek: How often do you have a drink containing alcohol?,smoker_cur_stat: Do you now smoke cigarettes?,"smoker_number: If you smoke every day, on average, how many cigarettes per day do you smoke?","vaper_cur_stat: Do you now use electronic cigarettes every day, some days, rarely, or not at all?",Tier 1 alcohol and tobacco CDEs: Reason for exception (select all that apply): (choice=Requested exception is not applicable to Project/protocol),Tier 1 alcohol and tobacco CDEs: Reason for exception (select all that apply): (choice=Requested exception is not applicable to study population),Tier 1 alcohol and tobacco CDEs: Reason for exception (select all that apply): (choice=Requested exception would negatively impact enrollment),Tier 1 alcohol and tobacco CDEs: Reason for exception (select all that apply): (choice=The volume of participant enrollment and available time with participants will not allow for collection of CDEs),Tier 1 alcohol and tobacco CDEs: Reason for exception (select all that apply): (choice=Requested exception would negatively impact community relationship),Tier 1 alcohol and tobacco CDEs: Reason for exception (select all that apply): (choice=Community Advisory Board ruled to exclude requested exception),Tier 1 alcohol and tobacco CDEs: Reason for exception (select all that apply): (choice=Tribal Nation / data sovereignty),iden_date_mdy: Date of Identity Collection,first_name: First Name,last_name: Last Name,current_street: Street Address,current_street2: Street Address 2,current_city: City,current_state: State or Territory,mobile_phone: Mobile Phone,home_phone: Home Phone,other_phone: Other Phone,personal_email: Personal Email,other_email: Other Email,preferred_contact_method: Preferred Method of Contact,dob_mdy: Date of Birth,Tier 1 identity CDEs: Reason for exception (select all that apply): (choice=Requested exception is not applicable to Project/protocol),Tier 1 identity CDEs: Reason for exception (select all that apply): (choice=Requested exception is not applicable to study population),Tier 1 identity CDEs: Reason for exception (select all that apply): (choice=Requested exception would negatively impact enrollment),Tier 1 identity CDEs: Reason for exception (select all that apply): (choice=The volume of participant enrollment and available time with participants will not allow for collection of CDEs),Tier 1 identity CDEs: Reason for exception (select all that apply): (choice=Requested exception would negatively impact community relationship),Tier 1 identity CDEs: Reason for exception (select all that apply): (choice=Community Advisory Board ruled to exclude requested exception),Tier 1 identity CDEs: Reason for exception (select all that apply): (choice=Tribal Nation / data sovereignty),"If you are not sharing tier 1 identifiers with the CDCC, is your project able to act as a patient re-contact registry by distributing information about upcoming studies to your patient pool?","If your site is not sharing location identifiers with the CDCC (address with zipcode), will your site be able to use identifiers at your site to link any of the following data types to your data prior to sending data to the RADx-UP CDCC: (choice=US Census Data / American Community Survey (ACS))","If your site is not sharing location identifiers with the CDCC (address with zipcode), will your site be able to use identifiers at your site to link any of the following data types to your data prior to sending data to the RADx-UP CDCC: (choice=Measures derived from the Census / ACS (e.g. Area Deprivation Index, Neighborhood Socioeconomic Status, Social Vulnerability Index))","If your site is not sharing location identifiers with the CDCC (address with zipcode), will your site be able to use identifiers at your site to link any of the following data types to your data prior to sending data to the RADx-UP CDCC: (choice=Water Pollution)","If your site is not sharing location identifiers with the CDCC (address with zipcode), will your site be able to use identifiers at your site to link any of the following data types to your data prior to sending data to the RADx-UP CDCC: (choice=Aire Pollution)","If your site is not sharing location identifiers with the CDCC (address with zipcode), will your site be able to use identifiers at your site to link any of the following data types to your data prior to sending data to the RADx-UP CDCC: (choice=None)",Complete?,Please indicate the community(ies) you anticipate/are engaging. Select all that apply (choice=Alaska Native),Please indicate the community(ies) you anticipate/are engaging. Select all that apply (choice=American Indian),Please indicate the community(ies) you anticipate/are engaging. Select all that apply (choice=Asian American),Please indicate the community(ies) you anticipate/are engaging. Select all that apply (choice=Black or African American),Please indicate the community(ies) you anticipate/are engaging. Select all that apply (choice=Children),Please indicate the community(ies) you anticipate/are engaging. Select all that apply (choice=Hispanic or Latinx),Please indicate the community(ies) you anticipate/are engaging. Select all that apply (choice=Native American),Please indicate the community(ies) you anticipate/are engaging. Select all that apply (choice=Native Hawaiian),Please indicate the community(ies) you anticipate/are engaging. Select all that apply (choice=Older Adults),Please indicate the community(ies) you anticipate/are engaging. Select all that apply (choice=Pacific Islander),Please indicate the community(ies) you anticipate/are engaging. Select all that apply (choice=People who are incarcerated),Please indicate the community(ies) you anticipate/are engaging. Select all that apply (choice=Pregnant women),Please indicate the community(ies) you anticipate/are engaging. Select all that apply (choice=Other (please specify)),Date EIT CDE Review Started
1,,,Delaware State University,SEBI,2/9/21 7:53,FALSE,,,,,,,,,,,,TRUE,,,,,,,,,,,,,,,,,,,,,,,,,,,,,,,,,,,,,,,,,,,,,,,,,,,,,,,,,,,,,,,,,,,,,,,,,,,,,,,,,,,,,,,,,,,,,,,,,,,,,,,,,,,,,,,,,,,,,,,,,,,,,,,,,,,,,,,,,,,,,,,,,,,,,,,,,,,,,,,,,,,,,,,,,,,,,,,,,,,,,,,,,,,,,,,,,,,,,,,,,,,,,,,,,,,,,,,,,,,,,,,,,,,,,,,,,,,,,,,,,,,,,,,,,,,,,,,,,,,,,,,,,,TRUE,,,,TRUE,,TRUE,,,TRUE,,,,,2/12/21
2,,,University of Alabama at Birmingham,Testing,3/5/21 10:04,FALSE,,,,,,,,TRUE,,,,,TRUE,,TRUE,TRUE,TRUE,TRUE,TRUE,TRUE,TRUE,TRUE,TRUE,TRUE,TRUE,2,0,0,0,0,0,,,,,TRUE,TRUE,,,,,,,,,,,0,0,0,0,0,2,0,0,2,0,0,0,0,2,,,,,TRUE,TRUE,,2,2,2,0,0,2,2,0,2,2,0,2,0,0,0,0,0,0,0,0,0,0,2,,,,TRUE,TRUE,TRUE,,0,0,0,0,,,,TRUE,TRUE,TRUE,,0,0,0,0,0,0,0,0,0,0,0,0,0,0,0,0,0,0,,,,TRUE,TRUE,TRUE,,0,0,0,0,0,0,0,0,0,0,0,,,,TRUE,TRUE,TRUE,,0,0,0,2,2,2,2,,,,TRUE,TRUE,TRUE,,2,0,0,0,0,0,0,0,0,2,2,2,2,,,,TRUE,TRUE,TRUE,,2,0,2,0,2,0,2,0,2,0,2,0,2,2,0,2,0,2,0,0,0,2,0,,,,TRUE,TRUE,TRUE,,0,0,0,0,0,0,0,0,0,0,0,0,0,0,,,,TRUE,TRUE,TRUE,,0,0,0,0,0,0,,,,TRUE,TRUE,TRUE,,0,0,0,0,0,0,2,0,0,0,0,0,0,0,TRUE,,,TRUE,TRUE,TRUE,,FALSE,,,,,TRUE,TRUE,,TRUE,TRUE,TRUE,TRUE,TRUE,,,TRUE,,,TRUE,,
3,,,Johns Hopkins University,Testing,2/24/21 10:13,FALSE,,,,,,,,TRUE,,,,,TRUE,,,TRUE,,,,,,,,,TRUE,2,2,1,1,2,2,,TRUE,TRUE,,,,,,,,,,,,,,,,,,,,,,,,,,,,,,,,,,,2,2,0,0,2,2,2,2,2,2,2,2,2,2,2,2,2,2,2,2,2,2,2,TRUE,TRUE,,,,,,,,,,,,,,,,,,,,,,,,,,,,,,,,,,,,,,,,,,,,,,,,,,,,,,,,,,,,,,,,,,,,,,,,,,,,,,,,,,,,,,,,,,,,,,,,,,,,,,,,,,,,,,,,,,,,,,,,,,,,,,,,,,,,,,,,,,,,,,,,,,,,,,,,,,,,,,2,1,1,1,1,1,1,1,1,1,1,1,1,1,,,TRUE,,,TRUE,,TRUE,TRUE,TRUE,TRUE,TRUE,,TRUE,,,,TRUE,TRUE,TRUE,,,TRUE,,,TRUE,,3/16/21
4,,,New York University,Testing,2/16/21 16:35,FALSE,,,,,,,,TRUE,,,,,TRUE,,TRUE,TRUE,,TRUE,TRUE,,,,,TRUE,TRUE,1,1,1,0,2,0,,,TRUE,TRUE,TRUE,TRUE,,,,,,,,,,,2,2,0,0,2,2,2,2,2,2,2,2,2,2,,TRUE,,,,,,2,0,0,0,0,2,0,0,2,0,2,0,0,0,0,0,0,0,0,0,0,0,0,TRUE,TRUE,,TRUE,,,,,,,,,,,,,,,2,2,0,0,2,2,2,2,2,2,2,0,2,2,2,0,2,2,,,,TRUE,,,,2,2,2,2,0,0,0,0,2,2,0,,,,TRUE,,,,,,,,,,,,,,,,,,,,,,,,,,,,,,,,,,,,,,,,,,,,,,,,,,,,,,,,,,,,,,,,,,,,,,,,,,,,,,,,,,,,,,,,,2,0,0,0,0,0,TRUE,TRUE,,,,TRUE,,2,1,1,1,1,2,2,1,1,1,1,1,1,1,,,TRUE,,TRUE,TRUE,,FALSE,,,,,TRUE,TRUE,,,,TRUE,TRUE,TRUE,,,TRUE,,,,TRUE,1/27/21
5,,,Emory University,Other,,,,,,,,,,,,,,,,,,,,,,,,,,,,,,,,,,,,,,,,,,,,,,,,,,,,,,,,,,,,,,,,,,,,,,,,,,,,,,,,,,,,,,,,,,,,,,,,,,,,,,,,,,,,,,,,,,,,,,,,,,,,,,,,,,,,,,,,,,,,,,,,,,,,,,,,,,,,,,,,,,,,,,,,,,,,,,,,,,,,,,,,,,,,,,,,,,,,,,,,,,,,,,,,,,,,,,,,,,,,,,,,,,,,,,,,,,,,,,,,,,,,,,,,,,,,,,,,,,,,,,,,,,,,,,,,,,,,,,,,FALSE,,,TRUE,TRUE,TRUE,TRUE,,,TRUE,,,,,
6,TRUE,,"University of California, Davis",Testing,3/8/21 8:13,FALSE,,,,,,,,TRUE,,TRUE,,,,,TRUE,TRUE,TRUE,TRUE,TRUE,,TRUE,,TRUE,TRUE,TRUE,,,,,,,,,,,,,,,,,,,,,,,2,2,2,2,2,2,2,2,2,0,2,0,0,2,,,TRUE,TRUE,,TRUE,,2,2,0,0,0,2,2,2,2,2,2,0,0,0,0,0,0,0,0,0,0,0,2,,,TRUE,TRUE,,TRUE,,2,0,2,2,,,TRUE,,,TRUE,,2,2,0,0,2,2,0,2,2,2,0,0,0,0,0,0,0,2,,,TRUE,,,TRUE,,0,0,0,0,0,0,0,0,0,0,0,,,TRUE,,,TRUE,,,,,,,,,,,,,,,,2,0,0,2,2,0,0,0,0,2,2,0,0,,,TRUE,TRUE,,TRUE,,,,,,,,,,,,,,,,,,,,,,,,,,,,,,,,2,2,2,2,2,2,2,2,2,2,2,0,0,0,,,TRUE,TRUE,,TRUE,,0,0,0,,0,0,,,TRUE,,,TRUE,,1,1,1,1,1,1,1,1,1,1,1,1,1,1,,,TRUE,,,TRUE,,TRUE,,,,,,FALSE,,,,,,TRUE,,,,,,,TRUE,
7,TRUE,,"University of California, San Diego",Testing,2/17/21 23:43,FALSE,,,,,,,,TRUE,,TRUE,,,TRUE,,TRUE,TRUE,,,,,,,,TRUE,TRUE,2,2,0,0,0,0,,,TRUE,,,TRUE,,,,,,,,,,,2,2,2,2,0,2,2,0,2,2,2,2,0,2,,,TRUE,,,TRUE,,2,2,2,2,0,2,2,0,2,2,2,2,2,2,2,2,2,2,2,2,2,0,2,,,TRUE,,,TRUE,,,,,,,,,,,,,,,,,,,,,,,,,,,,,,,,,,,,,,,,,,,,,,,,,,,,,,,,,,,,,,,,,,,,,,,,,,,,,,,,,,,,,,,,,,,,,,,,,,,,,,,,,,,,,,,,,,,,,,,,,,,,,,,,,,,,,,,,,,,,,2,0,2,2,0,2,,,TRUE,,,TRUE,,2,1,1,1,1,1,2,1,1,1,1,1,1,1,,,TRUE,,,TRUE,,FALSE,,,,,TRUE,TRUE,,,,,TRUE,TRUE,,,,,,TRUE,,2/22/21
8,,,Harvard School of Public Health,Other,2/24/21 18:37,,,,,,,,,TRUE,TRUE,TRUE,,,TRUE,TRUE,TRUE,TRUE,TRUE,TRUE,TRUE,TRUE,TRUE,TRUE,TRUE,TRUE,TRUE,0,0,0,0,0,0,,,,,,,,,2,,,,,,,,,2,2,2,2,2,2,2,2,0,,,2,2,,,,,,,,,,2,,,2,2,2,2,,,2,,,2,2,2,2,2,2,2,,,,,,,,,,,,,,,,,,,,,,,,,,2,2,,,,,2,2,,,,,,,,,,,,,,2,,,,,,,2,,,,,,,,,,,,,,2,2,2,,,,,,,,,,,,,,,,,,,,,,,,,,,,,,,,,,2,,,,2,,2,,,,,,2,2,,2,,,,,,,,,,2,,,,,,,,,,,,,,,,,,,,,,,2,,,,,,,,,,,,,,,,,,,,,,,2,,,,,,,,,,,,,,FALSE,,,TRUE,TRUE,TRUE,TRUE,,,TRUE,,,,TRUE,
9,TRUE,,University of Oregon,Testing,2/17/21 0:01,FALSE,,,,,,,,TRUE,TRUE,,,,TRUE,,TRUE,TRUE,,,,,,,,,,2,2,2,0,2,2,,,,,TRUE,TRUE,,,,,,,,,,,2,2,2,2,2,2,2,2,2,2,2,2,2,2,,,,,TRUE,TRUE,,2,2,2,2,0,2,2,2,2,2,2,2,2,2,2,2,2,2,2,2,2,2,0,,,,,TRUE,TRUE,,,,,,,,,,,,,,,,,,,,,,,,,,,,,,,,,,,,,,,,,,,,,,,,,,,,,,,,,,,,,,,,,,,,,,,,,,,,,,,,,,,,,,,,,,,,,,,,,,,,,,,,,,,,,,,,,,,,,,,,,,,,,,,,,,,,,,,,,,,,,,,,,,,,,,,,,,,,,,,,,,,,,,,,,,,,,,,,,,,,,TRUE,,,,,TRUE,TRUE,,,,,,,TRUE,3/1/21
10,TRUE,,Washington University,Testing,2/12/21 14:07,FALSE,,,,,,,,TRUE,,TRUE,,,TRUE,TRUE,TRUE,TRUE,TRUE,TRUE,,TRUE,TRUE,TRUE,TRUE,TRUE,TRUE,0,2,0,0,0,0,TRUE,,TRUE,TRUE,,,,0,2,,,,TRUE,,,,2,2,0,0,0,2,0,0,0,2,2,2,0,0,,,TRUE,TRUE,,,,2,0,0,0,0,0,2,0,0,0,2,0,0,0,0,0,0,0,0,0,0,0,0,TRUE,,TRUE,,,,,0,0,2,0,,,,TRUE,,,,2,2,2,2,2,2,2,0,2,2,2,2,0,2,2,2,2,2,,,,TRUE,,,,,,,,,,,,,,,,,,,,,,0,0,0,2,0,0,0,,,,TRUE,,,,2,0,0,2,2,2,2,2,2,2,0,0,0,,,,TRUE,,,,0,0,0,0,0,0,0,0,0,0,0,0,0,0,0,0,0,2,2,2,0,2,0,,,,TRUE,,,,0,0,2,2,2,2,2,2,2,2,2,2,0,2,,,,TRUE,,,,0,0,0,2,0,0,,,,TRUE,,,,2,2,2,2,0,2,2,2,0,2,2,2,0,2,,,,TRUE,,,,TRUE,,,,,TRUE,TRUE,,,,,TRUE,,,,,,,,TRUE,2/1/21
11,,,Northwestern University at Chicago,SEBI,1/11/21 15:53,FALSE,,,,,,,,TRUE,,TRUE,,,,,TRUE,,TRUE,TRUE,TRUE,,,,,,TRUE,,,,,,,,,,,,,,,,,,,,,,,2,2,2,2,2,2,2,2,2,2,2,0,2,0,TRUE,TRUE,,,,,,,,,,,,,,,,,,,,,,,,,,,,,,,,,,,,0,0,0,0,TRUE,TRUE,,TRUE,,,,0,0,0,0,0,0,0,0,0,0,0,0,0,0,0,0,0,0,,TRUE,,TRUE,,,,0,0,0,0,0,0,0,0,0,2,0,,,,TRUE,,,,,,,,,,,,,,,,,,,,,,,,,,,,,,,,,,,,,,,,,,,,,,,,,,,,,,,,,,,,,,,,,,,,,,,,,,,,,,,,,,,,,,,,,,,,,,,,,,,,,,1,1,1,1,1,1,1,1,0,0,1,0,0,1,,,,,TRUE,,,FALSE,,,,,TRUE,TRUE,,,,,,,,,,,,,,1/12/21
12,,,New York University School of Medicine,Other,1/13/21 20:46,FALSE,,,,,,,,TRUE,TRUE,,,,TRUE,TRUE,TRUE,TRUE,TRUE,TRUE,TRUE,TRUE,TRUE,TRUE,TRUE,TRUE,TRUE,2,2,2,0,2,2,TRUE,TRUE,,,,,,2,2,,,,,,,,0,2,2,2,2,2,2,2,2,0,2,0,0,2,TRUE,TRUE,,,,,,0,2,0,0,0,2,2,0,2,0,2,2,2,2,2,2,2,2,2,2,0,0,0,TRUE,TRUE,,,,,,0,0,0,0,TRUE,TRUE,,,,,,2,2,2,2,2,2,2,2,2,2,2,2,2,2,0,0,2,0,TRUE,TRUE,,,,,,0,0,0,0,0,0,0,0,0,2,0,TRUE,TRUE,,,,,,2,2,2,2,2,2,2,,,,,,,,2,2,2,2,2,2,2,2,2,2,2,2,2,,,,,,,,2,0,0,0,2,2,0,0,0,0,0,0,0,0,0,0,0,0,0,0,0,0,0,TRUE,TRUE,,,,,,0,0,0,0,0,0,0,0,0,0,0,0,0,0,TRUE,TRUE,,,,,,0,0,0,2,0,0,TRUE,TRUE,,,,,,2,2,2,2,2,2,2,2,2,0,2,0,2,2,TRUE,TRUE,,,,,,FALSE,,,,,TRUE,TRUE,,,TRUE,TRUE,,TRUE,,,,,,,,1/14/21
13,,,Massachusetts General Hospital,Qualitative Data Only,2/16/21 8:13,FALSE,,,,,,,,TRUE,,,,,,,,TRUE,,TRUE,,,,,,TRUE,,,,,,,,,,,,,,,,,,,,,,,,,,,,,,,,,,,,,,,,,,,,,0,0,2,2,0,2,2,2,2,,2,,2,0,0,,,,,,,,,,,,,,,,,,,,,,,,,,,,,,,,,,,,,,,,,,,,,,,,,,,,,,,,,,,,,,,,,,,,,,,,,,,,,,,,,,,,,,,,,,,,,,,,,,,,,,,,,,,,,,,,,,,,,,,,,,,,,,,,,,,,,,,,,,,,,,,,,,,,,,,,,,,,,,,,,,,,,,,,,,,,,,,,,,,,,,,,,,,,,,,,,,,FALSE,,TRUE,,,,,,,,,,,TRUE,
14,,,Johns Hopkins University,Other,2/17/21 7:08,FALSE,,,,,,,,TRUE,TRUE,TRUE,,,TRUE,,TRUE,TRUE,TRUE,,TRUE,,,,,TRUE,TRUE,0,0,0,0,0,0,TRUE,,,,,,,,,,,,,,,,2,2,2,2,2,2,2,2,2,2,0,2,0,2,,TRUE,,TRUE,TRUE,,,2,2,2,2,2,2,2,2,0,2,0,0,2,2,2,2,0,2,2,2,2,2,0,,TRUE,TRUE,TRUE,TRUE,,,0,0,0,0,,,,TRUE,,,,,,,,,,,,,,,,,,,,,,,,,,,,,2,0,0,2,0,0,0,0,2,0,0,,,,TRUE,,,,,,,,,,,,,,,,,,,,,,,,,,,,,,,,,,,,,,,,,,,,,,,,,,,,,,,,,,,,,,,,,,,,,,,,,,,,,,,,,,,,,,,,,0,0,0,0,0,0,,,,TRUE,,,,1,1,1,1,1,1,1,1,1,1,1,1,1,1,TRUE,,,,,,,FALSE,,,,,TRUE,TRUE,,,,,,TRUE,,,,,,,,
15,,,University of Southern California,SEBI,2/17/21 12:03,FALSE,,,,,,,,,,,,TRUE,,,,,,,,,,,,,,,,,,,,,,,,,,,,,,,,,,,,,,,,,,,,,,,,,,,,,,,,,,,,,,,,,,,,,,,,,,,,,,,,,,,,,,,,,,,,,,,,,,,,,,,,,,,,,,,,,,,,,,,,,,,,,,,,,,,,,,,,,,,,,,,,,,,,,,,,,,,,,,,,,,,,,,,,,,,,,,,,,,,,,,,,,,,,,,,,,,,,,,,,,,,,,,,,,,,,,,,,,,,,,,,,,,,,,,,,,,,,,,,,,,,,,,,,,,,,,,,,,,,,,,,,,,TRUE,,,,,TRUE,TRUE,,,,,,,,3/1/21
16,,,Eastern Virginia Medical School,SEBI,2/17/21 15:49,FALSE,,,,,,,,TRUE,,TRUE,,,TRUE,,,,,TRUE,,,,TRUE,TRUE,,TRUE,2,2,0,0,2,2,TRUE,TRUE,,,TRUE,,,,,,,,,,,,,,,,,,,,,,,,,,,,,,,,,,,,,,,,,,,,,,,,,,,,,,,,,,,,,,,,,,,,,,,,,,0,0,0,0,0,0,0,0,0,0,0,0,0,0,0,0,0,0,TRUE,,,,,,,,,,,,,,,,,,,,,,,,,,,,,,,,,,,,,,,,,,,,,,,,,,,,,,,,,,,2,0,0,0,0,0,0,0,0,0,0,0,0,0,0,0,0,0,0,0,0,2,0,TRUE,,,,,,,0,0,0,0,0,0,0,0,0,0,0,0,0,0,TRUE,,,,,,,,,,,,,,,,,,,,1,1,1,1,1,1,1,1,1,1,1,1,1,1,,,,,TRUE,,,TRUE,TRUE,TRUE,,,,TRUE,,,,TRUE,TRUE,TRUE,,,TRUE,,,TRUE,,3/16/21
17,,,Cherokee Nation,Testing,1/29/21 13:13,FALSE,,,,,,,,TRUE,,TRUE,,,,,,TRUE,,,,,,,,,TRUE,,,,,,,,,,,,,,,,,,,,,,,,,,,,,,,,,,,,,,,,,,,,2,2,0,0,2,2,2,2,0,2,2,2,2,2,2,2,2,2,2,2,2,2,2,,,,,,,TRUE,,,,,,,,,,,,,,,,,,,,,,,,,,,,,,,,,,,,,,,,,,,,,,,,,,,,,,,,,,,,,,,,,,,,,,,,,,,,,,,,,,,,,,,,,,,,,,,,,,,,,,,,,,,,,,,,,,,,,,,,,,,,,,,,,,,,,,,,,,,,,,,,,,,,,,,,,0,0,0,0,0,0,0,0,0,0,0,0,0,0,,,,,,,TRUE,FALSE,,,,,TRUE,TRUE,TRUE,TRUE,,,,,,,TRUE,,,TRUE,,
18,,,Florida International University,Testing,2/10/21 13:38,FALSE,,,,,,,,,,,,TRUE,,,,,,,,,,,,,,,,,,,,,,,,,,,,,,,,,,,,,,,,,,,,,,,,,,,,,,,,,,,,,,,,,,,,,,,,,,,,,,,,,,,,,,,,,,,,,,,,,,,,,,,,,,,,,,,,,,,,,,,,,,,,,,,,,,,,,,,,,,,,,,,,,,,,,,,,,,,,,,,,,,,,,,,,,,,,,,,,,,,,,,,,,,,,,,,,,,,,,,,,,,,,,,,,,,,,,,,,,,,,,,,,,,,,,,,,,,,,,,,,,,,,,,,,,,,,,,,,,,,,,,,,,,TRUE,,,,TRUE,,TRUE,,,TRUE,,,,,2/23/21
19,,,Johns Hopkins University,Other,2/17/21 14:30,FALSE,,,,,,,,TRUE,,TRUE,,,TRUE,TRUE,TRUE,TRUE,,,,TRUE,,TRUE,TRUE,TRUE,TRUE,1,1,0,0,1,0,,,,,TRUE,TRUE,TRUE,0,1,,TRUE,,,,,TRUE,1,2,0,0,2,2,2,2,2,2,2,2,0,2,TRUE,,TRUE,,,TRUE,TRUE,1,2,2,2,1,2,2,2,2,2,2,2,2,2,2,2,2,2,2,0,2,2,0,,TRUE,,,,TRUE,TRUE,,,,,,,,,,,,,,,,,,,,,,,,,,,,,,,,,,,,,,,,,,,,,,,,,,,,,,,2,2,0,2,2,2,2,TRUE,,,,,TRUE,,,,,,,,,,,,,,,,,,,,,,1,2,2,2,2,2,2,2,2,2,2,2,2,2,2,2,2,2,2,0,0,2,0,,,,TRUE,,,TRUE,1,2,2,2,2,2,2,2,2,2,2,2,2,0,,,,TRUE,,,TRUE,1,2,2,2,2,2,,,,,,,TRUE,1,1,1,1,1,1,1,1,1,1,1,1,0,1,,,,,,,TRUE,FALSE,,,,,TRUE,TRUE,,TRUE,,,,,,,,,,,,
20,,,Brown University,Other,2/16/21 9:30,FALSE,,,,,,,,TRUE,,TRUE,,,TRUE,TRUE,TRUE,TRUE,TRUE,TRUE,TRUE,TRUE,TRUE,TRUE,TRUE,TRUE,TRUE,0,0,0,0,0,0,TRUE,,,,,,,1,1,,,TRUE,,TRUE,,,0,2,0,0,0,0,0,0,2,2,0,0,0,0,TRUE,TRUE,TRUE,,TRUE,,,0,0,0,0,0,0,0,0,0,0,0,0,0,0,0,0,0,0,0,0,0,0,0,TRUE,TRUE,,,,,,0,0,0,0,TRUE,TRUE,,,,,,1,1,1,1,1,1,1,1,1,1,1,1,1,1,1,1,1,1,,,,,,,TRUE,0,0,0,0,0,0,0,0,0,0,0,TRUE,TRUE,,,,,,0,0,2,2,0,2,0,TRUE,TRUE,,,,,TRUE,0,0,0,2,0,0,0,2,2,2,0,0,0,TRUE,TRUE,,,,,,0,0,0,0,1,0,1,0,0,0,2,0,2,0,0,0,0,0,2,0,0,2,0,TRUE,TRUE,,,TRUE,,,2,2,2,2,2,2,2,2,2,2,2,2,0,0,TRUE,,,,,,,0,0,0,0,0,0,TRUE,TRUE,,,,,,0,1,1,0,0,1,1,0,0,0,0,0,0,1,,TRUE,TRUE,,TRUE,,,TRUE,TRUE,TRUE,,,,TRUE,,,TRUE,TRUE,,TRUE,,,TRUE,,,,,2/26/21
21,TRUE,,San Diego State University,Testing,3/9/21 18:15,FALSE,,,,,,,,TRUE,TRUE,TRUE,,,TRUE,TRUE,TRUE,TRUE,,,,,,,,,TRUE,2,2,0,0,2,1,,,,,TRUE,TRUE,,1,2,,,TRUE,,TRUE,TRUE,,2,2,2,2,2,2,2,2,2,0,2,2,2,2,,,,,TRUE,TRUE,,2,2,2,2,2,2,2,2,2,2,2,2,2,2,2,2,2,2,2,2,2,2,0,,,,,TRUE,TRUE,,,,,,,,,,,,,,,,,,,,,,,,,,,,,,,,,,,,,,,,,,,,,,,,,,,,,,,,,,,,,,,,,,,,,,,,,,,,,,,,,,,,,,,,,,,,,,,,,,,,,,,,,,,,,,,,,,,,,,,,,,,,,,,,,,,,,,,,,,,,,,,,,,,,,,,,,,2,1,1,1,1,1,1,1,1,1,1,1,1,1,,,TRUE,,TRUE,TRUE,,TRUE,,,,,,TRUE,,,TRUE,TRUE,TRUE,TRUE,,,TRUE,TRUE,,,TRUE,3/10/21
22,,,University of Oklahoma Health Science Center,Testing,2/5/21 16:57,FALSE,,,,,,,,,,TRUE,,,,,,,,,,,,,,,,,,,,,,,,,,,,,,,,,,,,,,,,,,,,,,,,,,,,,,,,,,,,,,,,,,,,,,,,,,,,,,,,,,,,,,,,,,,,,,,,,,,,,,,,,,,,,,,,,,,,,,,,,,,,,,,,,,,,,,,,,,,,,,,,,,,,,,,,,,,,,,,,,,,,,,,,,,,,,,,,,,,,,,,,,,,,,,,,,,,,,,,,,,,,,,,,,,,,,,,,,,,,,,,,,,,,,,,,,,,,,,,,,,,,,,,,,,,,,,,,,,,,,,,,,,,,TRUE,,,,,,,,,,,,,,
23,,,West Virginia University,Testing,3/1/21 11:14,FALSE,,,,,,,,TRUE,,TRUE,TRUE,,TRUE,,TRUE,TRUE,TRUE,TRUE,TRUE,TRUE,TRUE,TRUE,TRUE,TRUE,TRUE,0,0,0,0,0,0,TRUE,,,TRUE,,,,,,,,,,,,,0,2,0,0,0,0,0,0,2,0,0,0,0,0,TRUE,,,TRUE,,,,0,0,0,0,0,0,0,0,0,0,0,0,0,0,0,0,0,0,0,0,0,0,0,TRUE,,,TRUE,,,,0,0,0,0,TRUE,,,TRUE,,,,0,0,0,0,0,0,0,0,0,0,0,0,0,0,0,0,0,0,TRUE,,,TRUE,,,,0,0,0,0,0,0,0,0,0,0,0,TRUE,,,TRUE,,,,0,0,0,0,0,0,0,TRUE,,,TRUE,,,,0,0,0,0,0,0,0,0,0,0,0,0,0,,,,TRUE,,,,0,0,2,0,0,0,2,2,0,0,0,0,2,0,0,2,0,2,2,0,0,2,0,,,,TRUE,,,,0,0,0,0,0,0,0,0,0,0,0,0,0,0,TRUE,,,TRUE,,,,0,0,0,0,0,0,TRUE,,,TRUE,,,,0,1,1,1,1,1,1,0,0,0,0,0,0,0,TRUE,,,,TRUE,,,FALSE,,,,,TRUE,TRUE,,,,TRUE,,,,,,,,,,
24,,,Brown University,Other,2/17/21 21:13,FALSE,,,,,,,,,,,TRUE,,,,,,,,,,,,,,,,,,,,,,,,,,,,,,,,,,,,,,,,,,,,,,,,,,,,,,,,,,,,,,,,,,,,,,,,,,,,,,,,,,,,,,,,,,,,,,,,,,,,,,,,,,,,,,,,,,,,,,,,,,,,,,,,,,,,,,,,,,,,,,,,,,,,,,,,,,,,,,,,,,,,,,,,,,,,,,,,,,,,,,,,,,,,,,,,,,,,,,,,,,,,,,,,,,,,,,,,,,,,,,,,,,,,,,,,,,,,,,,,,,,,,,,,,,,,,,,,,,,,,,,,,,,TRUE,,,,,,TRUE,,,,,,,,3/1/21
25,,,Arizona State University-Tempe Campus,Testing,2/16/21 9:11,FALSE,,,,,,,,TRUE,TRUE,TRUE,,,,,,,,,,,,,,,,,,,,,,,,,,,,,,,,,,,,,,,,,,,,,,,,,,,,,,,,,,,,,,,,,,,,,,,,,,,,,,,,,,,,,,,,,,,,,,,,,,,,,,,,,,,,,,,,,,,,,,,,,,,,,,,,,,,,,,,,,,,,,,,,,,,,,,,,,,,,,,,,,,,,,,,,,,,,,,,,,,,,,,,,,,,,,,,,,,,,,,,,,,,,,,,,,,,,,,,,,,,,,,,,,,,,,,,,,,,,,,,,,,,,,,,,,,,,,,,,,,,,,,,,,,,,TRUE,,TRUE,,TRUE,,TRUE,,,,,,TRUE,,2/23/21
26,,,University of Hawaii at Manoa,Testing,2/8/21 12:57,FALSE,,,,,,,,TRUE,,,TRUE,,TRUE,,TRUE,,,,,,,,,,TRUE,1,1,0,0,2,0,TRUE,,TRUE,,,,,,,,,,,,,,2,2,2,2,2,2,2,2,2,2,0,2,0,2,,,TRUE,,TRUE,TRUE,,,,,,,,,,,,,,,,,,,,,,,,,,,,,,,,,,,,,,,,,,,,,,,,,,,,,,,,,,,,,,,,,,,,,,,,,,,,,,,,,,,,,,,,,,,,,,,,,,,,,,,,,,,,,,,,,,,,,,,,,,,,,,,,,,,,,,,,,,,,,,,,,,,,,,,,,,,,,,,,,,,,,,,,,,,,,,,,,,,,,,,,1,1,1,1,1,1,1,1,1,1,1,1,1,1,,,TRUE,,TRUE,TRUE,TRUE,TRUE,TRUE,TRUE,TRUE,TRUE,,TRUE,,,TRUE,,TRUE,,,TRUE,TRUE,TRUE,,,,2/24/21
27,TRUE,,Yale University,Testing,2/17/21 10:05,FALSE,,,,,,,,TRUE,,TRUE,,,TRUE,,,,,,,,,,,,,2,2,2,0,2,2,,,TRUE,,TRUE,,,,,,,,,,,,,,,,,,,,,,,,,,,,,,,,,,,,,,,,,,,,,,,,,,,,,,,,,,,,,,,,,,,,,,,,,,,,,,,,,,,,,,,,,,,,,,,,,,,,,,,,,,,,,,,,,,,,,,,,,,,,,,,,,,,,,,,,,,,,,,,,,,,,,,,,,,,,,,,,,,,,,,,,,,,,,,,,,,,,,,,,,,,,,,,,,,,,,,,,,,,,,,,,,,,,,,,,,,,,,,,,,,,,,,,,,,,,,,,,,,TRUE,,,,TRUE,TRUE,TRUE,,,TRUE,,,TRUE,TRUE,3/8/21
28,,,Stanford University,Testing,2/19/21 8:17,FALSE,,,,,,,,,TRUE,,,,,,,,,,,,,,,,,,,,,,,,,,,,,,,,,,,,,,,,,,,,,,,,,,,,,,,,,,,,,,,,,,,,,,,,,,,,,,,,,,,,,,,,,,,,,,,,,,,,,,,,,,,,,,,,,,,,,,,,,,,,,,,,,,,,,,,,,,,,,,,,,,,,,,,,,,,,,,,,,,,,,,,,,,,,,,,,,,,,,,,,,,,,,,,,,,,,,,,,,,,,,,,,,,,,,,,,,,,,,,,,,,,,,,,,,,,,,,,,,,,,,,,,,,,,,,,,,,,,,,,,,,,,,FALSE,,TRUE,,,,,,,,,,,,
29,,,Washington State University,Non-testing,2/18/21 10:31,FALSE,,,,,,,,TRUE,,TRUE,,,TRUE,TRUE,TRUE,TRUE,TRUE,,,TRUE,TRUE,TRUE,TRUE,TRUE,TRUE,1,1,0,0,0,0,,TRUE,TRUE,,TRUE,,TRUE,0,0,,,TRUE,,TRUE,,TRUE,1,1,0,0,0,1,0,0,1,1,1,0,0,1,,TRUE,,,,,TRUE,1,1,1,0,0,1,1,0,1,1,1,1,1,1,0,1,0,1,1,0,1,0,1,TRUE,TRUE,,,,,TRUE,0,0,0,0,TRUE,,TRUE,,,,TRUE,,,,,,,,,,,,,,,,,,,,,,,,,,,,,,,,,,,,,,,,,,,,1,1,0,1,1,1,1,,,TRUE,,,,TRUE,1,1,1,1,1,1,1,0,0,0,0,1,1,,,TRUE,,,,TRUE,0,0,0,0,1,0,1,0,1,0,0,0,0,1,0,0,0,1,0,0,0,1,0,TRUE,,,TRUE,,,TRUE,0,0,0,0,0,0,0,0,0,0,0,0,0,0,TRUE,,,,,,,1,0,1,1,1,1,,,TRUE,,,,,0,0,0,0,0,0,0,0,0,0,0,0,0,0,,,,,,,TRUE,FALSE,,,,,TRUE,TRUE,TRUE,TRUE,,,,,,,,,,,,3/1/21
30,,,University of Chicago,Testing,2/27/21 0:18,FALSE,,,,,,,,TRUE,,TRUE,,,TRUE,TRUE,TRUE,TRUE,TRUE,,TRUE,,TRUE,,,,TRUE,2,2,0,0,0,1,,,TRUE,,TRUE,,,0,1,,,TRUE,,TRUE,,,2,2,2,2,2,2,2,2,2,2,2,0,2,2,,,,TRUE,,,,2,2,2,2,2,0,2,2,2,2,2,0,0,0,2,2,0,0,0,2,2,2,2,,,,TRUE,,,,2,0,2,2,,,,TRUE,,,,,,,,,,,,,,,,,,,,,,,,,,,,,2,0,0,0,0,0,0,0,0,2,2,,,TRUE,TRUE,TRUE,,,,,,,,,,,,,,,,,2,2,2,2,2,2,2,2,2,2,0,0,2,,,,TRUE,,,,,,,,,,,,,,,,,,,,,,,,,,,,,,,,,,,,,,,,,,,,,,,,,,,,,,,,,,,,,,,,,,,,2,1,1,1,1,1,1,1,1,1,1,1,1,0,,,TRUE,,TRUE,,,TRUE,,,,,,TRUE,,,,TRUE,,TRUE,,,,,,,,
31,,,Yale University,Testing,2/19/21 9:40,FALSE,,,,,,,,TRUE,,,,,TRUE,,,,,,,,,,,,TRUE,1,1,0,0,1,0,,,,,,,,,,,,,,,,,,,,,,,,,,,,,,,,,,,,,,,,,,,,,,,,,,,,,,,,,,,,,,,,,,,,,,,,,,,,,,,,,,,,,,,,,,,,,,,,,,,,,,,,,,,,,,,,,,,,,,,,,,,,,,,,,,,,,,,,,,,,,,,,,,,,,,,,,,,,,,,,,,,,,,,,,,,,,,,,,,,,,,,,,,,,,,,,,,,,,,,,,,,,,,,,,,,,,,,,,,,,0,0,0,0,0,0,0,0,0,0,0,0,0,0,TRUE,,,,,,,FALSE,,,,,TRUE,TRUE,,TRUE,,TRUE,,TRUE,,,,,TRUE,,,
32,,,Johns Hopkins University,Testing,2/25/21 15:45,FALSE,,,,,,,,TRUE,,TRUE,,,TRUE,TRUE,TRUE,TRUE,,,,,,,,TRUE,TRUE,2,2,0,0,0,0,,,TRUE,,TRUE,TRUE,,0,1,,,TRUE,,TRUE,TRUE,,2,2,2,2,2,2,2,2,2,2,2,0,2,2,,TRUE,TRUE,,TRUE,,,2,0,2,2,2,2,2,2,2,2,2,2,2,2,2,2,2,2,2,2,2,2,2,,,TRUE,,TRUE,TRUE,,,,,,,,,,,,,,,,,,,,,,,,,,,,,,,,,,,,,,,,,,,,,,,,,,,,,,,,,,,,,,,,,,,,,,,,,,,,,,,,,,,,,,,,,,,,,,,,,,,,,,,,,,,,,,,,,,,,,,,,,,,,,,,,,,,,,,,,,,,,,2,0,2,2,2,2,,TRUE,,,,TRUE,,1,1,1,1,1,1,1,1,1,1,1,1,1,1,,,TRUE,,TRUE,TRUE,,TRUE,,TRUE,,,,TRUE,,,,,,,,,,,,,TRUE,
33,TRUE,,Medical College of Wisconsin,Testing,2/15/21 19:45,TRUE,FALSE,,TRUE,,TRUE,,,TRUE,,,,,TRUE,TRUE,TRUE,TRUE,TRUE,TRUE,TRUE,TRUE,TRUE,TRUE,TRUE,TRUE,TRUE,0,2,0,0,0,2,,,,,TRUE,,,2,1,,,,,TRUE,,,2,2,0,0,2,2,0,0,0,2,0,0,2,2,TRUE,,,,,,,0,0,2,0,0,2,0,0,0,0,0,2,2,2,2,2,0,2,2,2,0,0,2,TRUE,,,,,,,2,2,2,0,TRUE,,,,,,,0,0,0,0,0,0,0,0,0,0,0,0,0,0,0,0,0,0,TRUE,,,,,,,0,0,0,0,0,0,0,0,0,0,2,TRUE,,,,,,,0,0,0,0,0,0,0,TRUE,,,,,,,0,2,2,0,0,0,0,0,0,0,0,0,0,TRUE,,,,,,,0,0,0,0,0,0,0,0,0,0,0,0,0,0,0,0,0,2,2,2,2,2,2,TRUE,,,,,,,0,0,0,0,0,0,0,0,0,0,0,0,0,0,TRUE,,,,,,,0,0,0,0,0,0,TRUE,,,,,,,0,1,1,1,1,1,1,1,1,1,1,1,1,1,,,,,TRUE,,,TRUE,,TRUE,,,,TRUE,,TRUE,TRUE,TRUE,TRUE,TRUE,,,TRUE,,,TRUE,,
34,,,University of Kansas Medical Center,Non-testing,3/9/21 11:54,FALSE,,,,,,,,TRUE,,,,,TRUE,,TRUE,,,,,,,TRUE,TRUE,,TRUE,0,2,0,0,0,0,,,TRUE,,TRUE,TRUE,,,,,,,,,,,2,2,2,2,2,2,2,2,2,2,0,2,0,2,,,TRUE,TRUE,TRUE,TRUE,,,,,,,,,,,,,,,,,,,,,,,,,,,,,,,,,,,,,,,,,,,,,,,,,,,,,,,,,,,,,,,,,,,,,,,,,,,,,,,,,,,,,,,,,,,,,,,,,,,,,,,,,,,,,,,,,,,,,,,,0,0,0,0,0,0,0,0,0,0,0,0,0,0,0,0,0,0,0,0,0,0,0,TRUE,,,,,,,0,0,0,0,0,0,0,0,0,0,0,0,0,0,,,TRUE,TRUE,,TRUE,,,,,,,,,,,,,,,0,0,0,0,0,0,0,0,0,0,1,0,0,0,,,TRUE,TRUE,TRUE,TRUE,,FALSE,,,,,TRUE,TRUE,,,,TRUE,,TRUE,,,TRUE,,,,,3/10/21
35,,,University of Utah,Other,2/16/21 8:15,FALSE,,,,,,,,TRUE,TRUE,,,,TRUE,TRUE,TRUE,TRUE,TRUE,TRUE,TRUE,TRUE,TRUE,TRUE,TRUE,TRUE,TRUE,0,0,0,0,0,0,TRUE,,TRUE,TRUE,,,,0,1,,,,,TRUE,,,0,2,2,2,2,2,2,2,2,2,0,0,0,0,TRUE,,TRUE,TRUE,,,,0,0,0,0,0,0,0,0,0,0,2,0,0,0,0,0,0,0,0,2,2,2,0,TRUE,,TRUE,TRUE,,,,0,0,0,0,TRUE,,,TRUE,,,,0,2,2,2,2,2,2,2,2,2,2,2,2,0,0,0,0,2,TRUE,,,TRUE,,,,0,0,0,0,0,0,0,0,0,0,0,TRUE,,,TRUE,,,,0,0,0,0,0,0,0,TRUE,,,TRUE,,,,0,0,0,0,0,0,0,0,0,0,0,0,0,TRUE,,,TRUE,,,,1,2,0,0,2,2,2,2,2,2,0,0,2,2,2,2,2,1,1,0,2,2,2,TRUE,,,,TRUE,,,0,0,0,0,0,0,0,0,0,0,0,0,0,0,TRUE,,,TRUE,,,,0,0,0,2,0,0,TRUE,,,TRUE,,,,0,1,1,1,1,1,1,1,0,0,0,0,0,1,,,,,TRUE,,,TRUE,TRUE,TRUE,TRUE,TRUE,,TRUE,,TRUE,TRUE,TRUE,TRUE,TRUE,,,TRUE,TRUE,,,,2/25/21
36,,,Ohio State University,Other,3/5/21 12:36,FALSE,,,,,,,,TRUE,,,,,TRUE,TRUE,TRUE,TRUE,TRUE,TRUE,TRUE,TRUE,TRUE,TRUE,TRUE,TRUE,TRUE,0,1,0,0,0,0,,,TRUE,,,,,0,1,,,TRUE,,,,,0,2,2,2,2,2,2,2,2,2,2,2,2,2,TRUE,,,,,,,0,0,0,0,0,2,2,2,2,2,2,2,0,2,2,2,2,2,2,2,2,2,2,TRUE,,,,,,,0,0,0,0,,,TRUE,,,,,0,0,0,0,0,0,0,0,0,0,0,0,0,0,0,0,0,0,,,TRUE,,,,,0,0,0,0,0,0,0,0,0,0,0,TRUE,,TRUE,,,,,0,2,2,2,2,2,2,TRUE,,,,,,,0,2,2,2,2,2,2,2,2,2,2,2,2,TRUE,,,,,,,1,1,1,1,1,1,1,1,1,1,1,1,1,1,1,1,1,1,1,1,1,1,1,TRUE,,,,,,,0,0,2,2,2,2,2,2,2,2,2,2,2,2,TRUE,,,,,,,0,0,0,0,0,0,TRUE,,TRUE,,,,,0,0,0,0,0,0,0,1,1,1,1,0,0,0,,,TRUE,,,,,FALSE,TRUE,TRUE,TRUE,TRUE,,TRUE,,,TRUE,TRUE,TRUE,TRUE,,,TRUE,,,,TRUE,3/5/21
37,,,Rutgers Biomedical and Health Sciences,Other,2/17/21 14:59,FALSE,,,,,,,,TRUE,TRUE,TRUE,,,,,,TRUE,TRUE,,,,,,,TRUE,,,,,,,,,,,,,,,,,,,,,,,,,,,,,,,,,,,,,,,,,,,,,2,2,0,0,0,2,2,2,2,2,2,2,2,2,2,2,2,2,2,2,0,2,2,TRUE,,,,,TRUE,,0,0,0,0,TRUE,,,,,TRUE,,,,,,,,,,,,,,,,,,,,,,,,,,,,,,,,,,,,,,,,,,,,,,,,,,,,,,,,,,,,,,,,,,,,,,,,,,,,,,,,,,,,,,,,,,,,,,,,,,,,,,,,,,,,,,,,,,,,,,,,,,,,,,,,,,0,0,0,0,0,0,TRUE,,,TRUE,,TRUE,,,,,,,,,,,,,,,,,,,,,,,TRUE,,,,,,TRUE,,,,TRUE,TRUE,TRUE,,,,,,TRUE,TRUE,
38,,,University of Texas Health Science Center at Houston,Other,3/12/21 14:25,FALSE,,,,,,,,TRUE,,,,,TRUE,TRUE,,,TRUE,,,,,,,TRUE,TRUE,1,2,1,0,2,1,,,TRUE,,TRUE,TRUE,,2,2,,,,,,,,,,,,,,,,,,,,,,,,,,,,,,,,,,,,,,,,,,,,,,,,,,,,,,,,,,,0,0,0,0,,,,TRUE,,,,,,,,,,,,,,,,,,,,,,,,,,,,,,,,,,,,,,,,,,,,,,,,,,,,,,,,,,,,,,,,,,,,,,,,,,,,,,,,,,,,,,,,,,,,,,,,,,,,,,,,,,,,,,,,,,,,,,,,,,,,,,,,,,,,2,0,0,2,2,2,,,,TRUE,,,,2,1,1,1,1,2,2,1,1,1,1,1,1,2,,,TRUE,,TRUE,TRUE,,TRUE,TRUE,TRUE,,,,TRUE,,,TRUE,TRUE,,TRUE,,,TRUE,,,,TRUE,3/15/21
40,TRUE,,University of California San Francisco,Testing,2/24/21 13:55,FALSE,,,,,,,,TRUE,,,,,,,TRUE,TRUE,TRUE,TRUE,TRUE,TRUE,TRUE,,,TRUE,TRUE,,,,,,,,,,,,,,,,,,,,,,,2,2,2,2,2,2,2,2,2,2,2,2,0,0,,,,TRUE,,,,2,0,2,0,0,0,2,2,2,2,2,0,0,0,0,0,0,0,0,2,2,2,2,,,,TRUE,,,,2,0,0,0,,,,TRUE,,,,2,2,0,0,0,0,0,0,0,0,0,0,0,0,0,0,0,0,,,,TRUE,,,,0,0,0,0,0,0,0,0,0,0,0,,,,TRUE,,,,2,0,2,2,2,2,2,,,,TRUE,,,,2,2,2,2,2,2,2,2,2,0,0,2,2,,,,TRUE,,,,,,,,,,,,,,,,,,,,,,,,,,,,,,,,,,,,,,,,,,,,,,,,,,,,,,,0,0,0,0,0,0,,,,TRUE,,,,1,1,1,1,1,1,1,1,0,0,1,0,1,1,,,TRUE,,TRUE,,,TRUE,TRUE,TRUE,TRUE,TRUE,,TRUE,,,,,TRUE,TRUE,,,TRUE,,,,,3/5/21
41,,,Montana State University - Bozeman,Other,2/9/21 11:23,FALSE,,,,,,,,TRUE,TRUE,TRUE,,,TRUE,TRUE,TRUE,TRUE,,TRUE,,,,TRUE,,TRUE,TRUE,2,2,0,0,0,0,TRUE,,,,,TRUE,TRUE,2,0,TRUE,,,,,TRUE,TRUE,2,2,2,2,2,2,2,2,2,2,2,0,0,2,TRUE,,,,,TRUE,TRUE,2,2,0,0,0,2,2,2,2,0,2,2,2,2,2,2,2,2,2,2,2,2,2,TRUE,,,,,TRUE,TRUE,,,,,,,,,,,,2,2,0,2,2,2,2,2,2,2,2,2,0,2,0,0,2,2,TRUE,,,,,TRUE,TRUE,,,,,,,,,,,,,,,,,,,,,,,,,,,,,,,,,,,,,,,,,,,,,,,,,,,,,2,2,2,0,2,0,2,0,2,0,2,2,2,2,2,2,0,2,2,2,2,2,2,TRUE,,,,,TRUE,TRUE,,,,,,,,,,,,,,,,,,,,,,2,0,0,2,2,2,TRUE,,,,,TRUE,TRUE,0,0,0,0,0,0,2,0,0,0,0,0,0,0,TRUE,,,,,TRUE,TRUE,TRUE,,,,,TRUE,TRUE,,TRUE,,,,TRUE,,,,,,,,2/25/21
42,,,University Of Chicago,Testing,2/17/21 8:39,FALSE,,,,,,,,,,,,TRUE,,,,,,,,,,,,,,,,,,,,,,,,,,,,,,,,,,,,,,,,,,,,,,,,,,,,,,,,,,,,,,,,,,,,,,,,,,,,,,,,,,,,,,,,,,,,,,,,,,,,,,,,,,,,,,,,,,,,,,,,,,,,,,,,,,,,,,,,,,,,,,,,,,,,,,,,,,,,,,,,,,,,,,,,,,,,,,,,,,,,,,,,,,,,,,,,,,,,,,,,,,,,,,,,,,,,,,,,,,,,,,,,,,,,,,,,,,,,,,,,,,,,,,,,,,,,,,,,,,,,,,,,,,TRUE,,TRUE,TRUE,TRUE,TRUE,TRUE,,,TRUE,,,TRUE,,
43,,,Columbia University Health Sciences,SEBI,2/8/21 16:09,FALSE,,,,,,,,TRUE,TRUE,,,,TRUE,,,,,,,,,TRUE,TRUE,,,2,2,2,0,2,2,TRUE,,,,,,,,,,,,,,,,,,,,,,,,,,,,,,,,,,,,,,,,,,,,,,,,,,,,,,,,,,,,,,,,,,,,,,,,,,,,,,,,,,,,,,,,,,,,,,,,,,,,,,,,,,,,,,,,,,,,,,,,,,,,,,,,,,,,,,,,,,,,,,,,,,,,,,,,,,,0,0,0,0,0,0,0,0,0,0,0,0,0,0,0,0,0,0,0,0,0,0,0,TRUE,,,,,,,0,0,0,0,0,0,0,0,0,0,0,0,0,0,TRUE,,,,,,,,,,,,,,,,,,,,,,,,,,,,,,,,,,,,,,,,,,,,,,,TRUE,,,,TRUE,,TRUE,,,TRUE,,,TRUE,,3/8/21
44,,,University Of Missouri Kansas City,Testing,2/15/21 22:04,FALSE,,,,,,,,TRUE,,TRUE,,,,,,TRUE,TRUE,TRUE,TRUE,TRUE,TRUE,,TRUE,TRUE,,,,,,,,,,,,,,,,,,,,,,,,,,,,,,,,,,,,,,,,,,,,,0,2,2,2,2,2,2,2,2,2,2,2,2,2,2,2,2,2,2,0,0,0,2,,TRUE,,,,,,0,2,2,2,TRUE,,,,,,,0,2,2,2,2,2,2,2,2,2,2,2,2,2,2,2,2,2,TRUE,,,,,,,2,0,2,2,0,0,0,0,2,2,2,,TRUE,,,,,,0,2,2,2,2,2,2,TRUE,,,,,,,0,2,2,2,2,2,2,2,2,2,2,2,2,TRUE,,,,,,,,,,,,,,,,,,,,,,,,,,,,,,,,,,,,,0,2,2,2,2,2,2,2,2,2,2,2,2,2,TRUE,,,,,,,0,2,2,2,2,2,TRUE,,,,,,,,,,,,,,,,,,,,,,,,,,,,FALSE,,,,,,TRUE,,,,TRUE,,,,,,,,,,3/1/21
45,,,Georgia State University,SEBI,2/16/21 15:56,FALSE,,,,,,,,TRUE,,TRUE,,,TRUE,,TRUE,TRUE,TRUE,TRUE,TRUE,TRUE,TRUE,,TRUE,TRUE,TRUE,2,2,0,0,2,0,,,TRUE,,TRUE,TRUE,,,,,,,,,,,2,2,0,0,0,2,2,2,2,2,2,2,0,2,,TRUE,TRUE,,,,,0,2,0,0,0,0,2,2,2,0,0,0,0,0,0,0,0,0,0,2,0,0,2,,,,TRUE,,,,0,0,0,0,,,,TRUE,,,,0,0,0,0,0,0,0,0,0,0,0,0,0,0,0,0,0,0,,,,TRUE,TRUE,,,2,0,0,0,0,0,0,0,0,2,0,,,,TRUE,TRUE,,,2,0,0,2,2,0,0,,,,TRUE,,,,2,2,0,2,0,0,0,0,0,0,0,0,0,,,,TRUE,,,,,,,,,,,,,,,,,,,,,,,,,,,,,,,,,,0,0,0,0,0,0,0,0,0,0,0,0,0,0,,,,TRUE,,,,0,0,0,0,0,0,,,,TRUE,,,,2,0,0,0,0,2,2,0,0,0,0,0,0,0,,,,,TRUE,TRUE,,FALSE,TRUE,TRUE,TRUE,TRUE,,TRUE,,,,TRUE,,,,,TRUE,,,,,3/1/21
46,TRUE,,Ponce School Of Medicine,Testing,2/16/21 12:18,TRUE,FALSE,,,,,,TRUE,,TRUE,TRUE,,,,,,,,,,,,,,,,,,,,,,,,,,,,,,,,,,,,,,,,,,,,,,,,,,,,,,,,,,,,,,,,,,,,,,,,,,,,,,,,,,,,,,,,,,,,,,,,,,,,,,,,,,,,,,,,,,,,,,,,,,,,,,,,,,,,,,,,,,,,,,,,,,,,,,,,,,,,,,,,,,,,,,,,,,,,,,,,,,,,,,,,,,,,,,,,,,,,,,,,,,,,,,,,,,,,,,,,,,,,,,,,,,,,,,,,,,,,,,,,,,,,,,,,,,,,,,,,,,,,,,,,,,,,TRUE,,,,,,TRUE,,,TRUE,,,TRUE,,2/19/21
47,,,New York State Psychiatric Institute,Testing,2/18/21 16:34,FALSE,,,,,,,,TRUE,,,,,TRUE,TRUE,,,TRUE,,,,,,,,TRUE,2,2,0,0,2,1,,,TRUE,,TRUE,TRUE,,1,2,,,TRUE,,TRUE,TRUE,,,,,,,,,,,,,,,,,,,,,,,,,,,,,,,,,,,,,,,,,,,,,,,,,,,,,2,2,2,2,,,,,,,,,,,,,,,,,,,,,,,,,,,,,,,,,,,,,,,,,,,,,,,,,,,,,,,,,,,,,,,,,,,,,,,,,,,,,,,,,,,,,,,,,,,,,,,,,,,,,,,,,,,,,,,,,,,,,,,,,,,,,,,,,,,,,,,,,,,,,,,,,,,,,1,1,1,1,1,1,1,1,1,1,1,1,1,1,,,TRUE,,TRUE,TRUE,,TRUE,TRUE,TRUE,TRUE,TRUE,,TRUE,,,,TRUE,,TRUE,,,,,,,TRUE,3/1/21
48,,,University Of North Carolina Chapel Hill,Testing,,,,,,,,,,,,,,,,,,,,,,,,,,,,,,,,,,,,,,,,,,,,,,,,,,,,,,,,,,,,,,,,,,,,,,,,,,,,,,,,,,,,,,,,,,,,,,,,,,,,,,,,,,,,,,,,,,,,,,,,,,,,,,,,,,,,,,,,,,,,,,,,,,,,,,,,,,,,,,,,,,,,,,,,,,,,,,,,,,,,,,,,,,,,,,,,,,,,,,,,,,,,,,,,,,,,,,,,,,,,,,,,,,,,,,,,,,,,,,,,,,,,,,,,,,,,,,,,,,,,,,,,,,,,,,,,,,,,,,,,FALSE,,TRUE,TRUE,TRUE,TRUE,TRUE,,,TRUE,,,TRUE,,
49,,,University Of Alabama At Birmingham,Testing,2/22/21 13:50,FALSE,,,,,,,,TRUE,,,,,TRUE,,,,,,,,,,,,,,,,,,,,,,,,,,,,,,,,,,,,,,,,,,,,,,,,,,,,,,,,,,,,,,,,,,,,,,,,,,,,,,,,,,,,,,,,,,,,,,,,,,,,,,,,,,,,,,,,,,,,,,,,,,,,,,,,,,,,,,,,,,,,,,,,,,,,,,,,,,,,,,,,,,,,,,,,,,,,,,,,,,,,,,,,,,,,,,,,,,,,,,,,,,,,,,,,,,,,,,,,,,,,,,,,,,,,,,,,,,,,,,,,,,,,,,,,,,,,,,,,,,,,,,,,,FALSE,,,,TRUE,,TRUE,,,,,,,,
50,,,University Of Pennsylvania,Testing,2/9/21 16:53,FALSE,,,,,,,,TRUE,,,,,,,TRUE,,,,,,,,,,,,,,,,,,,,,,,,,,,,,,,,,2,2,0,0,0,2,0,0,2,2,2,2,2,2,,,,TRUE,,,,,,,,,,,,,,,,,,,,,,,,,,,,,,,,,,,,,,,,,,,,,,,,,,,,,,,,,,,,,,,,,,,,,,,,,,,,,,,,,,,,,,,,,,,,,,,,,,,,,,,,,,,,,,,,,,,,,,,,,,,,,,,,,,,,,,,,,,,,,,,,,,,,,,,,,,,,,,,,,,,,,,,,,,,,,,,,,,,,,,,,,,,,,,,,,,,,,,,,,,,,,,,TRUE,,,,,,TRUE,,,,TRUE,,TRUE,,,TRUE,,,,TRUE,
51,,,University Of Texas El Paso,Testing,2/16/21 10:05,FALSE,,,,,,,,TRUE,,,,,,,,,,,,,,,,,TRUE,,,,,,,,,,,,,,,,,,,,,,,,,,,,,,,,,,,,,,,,,,,,,,,,,,,,,,,,,,,,,,,,,,,,,,,,,,,,,,,,,,,,,,,,,,,,,,,,,,,,,,,,,,,,,,,,,,,,,,,,,,,,,,,,,,,,,,,,,,,,,,,,,,,,,,,,,,,,,,,,,,,,,,,,,,,,,,,,,,,,,,,,,,,,,,,,,,,,,,,,,,,,,,,,,,,,,,,,,,,,,,,,,,2,0,0,0,0,2,2,0,0,0,0,0,0,2,,,TRUE,,TRUE,,,FALSE,,,,,TRUE,TRUE,,,,TRUE,,TRUE,,,TRUE,,,,,2/25/21
52,,,LSU Pennington Biomedical Research Center,Testing,3/4/21 10:18,FALSE,,,,,,,,TRUE,,TRUE,,,TRUE,,TRUE,TRUE,TRUE,TRUE,TRUE,TRUE,TRUE,TRUE,,TRUE,TRUE,2,2,2,0,2,2,,,,,TRUE,,,,,,,,,,,,2,2,0,0,2,2,2,0,2,2,0,2,0,2,TRUE,TRUE,,,,,,2,2,0,0,0,0,2,2,2,0,0,0,0,0,0,0,0,0,0,0,0,0,2,TRUE,,,TRUE,,,,0,0,0,0,TRUE,,,TRUE,,,,2,2,2,2,2,2,2,2,2,2,2,2,2,0,0,0,0,2,,,TRUE,,TRUE,,,2,2,2,2,2,2,2,2,2,0,0,TRUE,,,TRUE,,,,2,0,0,2,2,2,2,TRUE,,,TRUE,,,,2,0,0,2,2,0,0,0,0,0,0,0,0,TRUE,,,TRUE,,,,2,0,0,0,2,2,2,2,2,2,2,2,2,2,0,2,2,2,2,2,2,2,0,TRUE,,,,,,,,,,,,,,,,,,,,,,,,,,,,2,0,0,2,0,2,TRUE,,,TRUE,TRUE,,,2,2,2,2,2,2,2,2,2,0,2,0,0,2,TRUE,TRUE,,TRUE,,,,TRUE,,,,,,TRUE,,,,TRUE,,,,,,,,,,2/25/21
53,,,Washington University,SEBI,3/5/21 15:32,TRUE,TRUE,,,,,,,TRUE,,,,,,,,,,,,,,TRUE,TRUE,,,,,,,,,,,,,,,,,,,,,,,,,,,,,,,,,,,,,,,,,,,,,,,,,,,,,,,,,,,,,,,,,,,,,,,,,,,,,,,,,,,,,,,,,,,,,,,,,,,,,,,,,,,,,,,,,,,,,,,,,,,,,,,,,,,,,,,,,,,,,,,,,,,,,,,,,,,,,,,,,,,,0,0,0,0,0,0,0,0,0,0,0,0,0,0,0,0,0,0,0,0,0,0,0,TRUE,TRUE,,,,,,0,0,0,0,0,0,0,0,0,0,0,0,0,0,TRUE,TRUE,,,,,,,,,,,,,,,,,,,,,,,,,,,,,,,,,,,,,,,,TRUE,TRUE,,,,,TRUE,,TRUE,TRUE,TRUE,,TRUE,,,,,,,,3/16/21
54,,,North Carolina Central University,Other,1/31/21 23:42,FALSE,,,,,,,,TRUE,TRUE,TRUE,,,TRUE,TRUE,TRUE,TRUE,TRUE,TRUE,TRUE,TRUE,TRUE,TRUE,TRUE,TRUE,TRUE,2,2,0,0,2,0,TRUE,TRUE,,,,,TRUE,2,2,,,,,,,,2,2,0,0,2,2,0,0,2,0,0,0,0,2,TRUE,TRUE,,,,,TRUE,2,2,0,2,2,2,2,2,2,2,2,2,2,2,2,2,2,2,2,2,0,2,2,TRUE,TRUE,,,,,TRUE,2,2,2,2,,,,,,,,0,0,0,0,0,0,0,0,0,0,0,0,0,0,0,0,0,0,TRUE,TRUE,,,,,TRUE,2,0,0,0,0,0,0,0,0,2,2,TRUE,TRUE,,,,,TRUE,2,2,2,2,2,2,2,,,,,,,,2,2,2,2,2,0,0,0,0,0,2,2,2,TRUE,TRUE,,,,,TRUE,0,0,0,0,0,0,0,0,0,0,0,0,0,0,0,0,0,0,0,0,0,0,0,TRUE,TRUE,,,,,TRUE,0,0,0,0,0,0,0,0,0,0,0,0,0,0,TRUE,TRUE,,,,,TRUE,0,0,0,0,0,0,TRUE,TRUE,,,,,TRUE,1,1,1,1,1,1,1,1,1,1,1,1,1,0,TRUE,TRUE,,,,,TRUE,FALSE,,,,,TRUE,TRUE,,TRUE,,,,,,,,,,,,2/24/21
55,,,University Of Hawaii At Manoa,Testing,2/18/21 12:59,FALSE,,,,,,,,TRUE,,TRUE,TRUE,,,,TRUE,TRUE,,TRUE,,TRUE,TRUE,,,,TRUE,,,,,,,,,,,,,,,,,,,,,,,2,2,2,2,0,2,0,2,2,2,2,0,2,2,TRUE,TRUE,,,TRUE,,,2,2,2,2,0,2,2,2,2,2,2,2,2,2,2,2,2,2,2,2,2,2,2,,TRUE,,,,,,,,,,,,,,,,,2,2,2,2,2,2,2,2,2,2,2,2,0,2,2,2,2,2,,TRUE,,TRUE,,,,,,,,,,,,,,,,,,,,,,2,2,2,2,2,2,2,,,,,,,,2,2,2,2,0,0,0,2,2,2,2,2,2,TRUE,,,,,,,,,,,,,,,,,,,,,,,,,,,,,,,,,,,,,,,,,,,,,,,,,,,,,,,,,,,,,,,,,,,,,,,1,1,1,1,1,1,1,1,1,1,1,1,1,2,,,TRUE,TRUE,TRUE,TRUE,,TRUE,TRUE,TRUE,,,,TRUE,,,,,,,,,,TRUE,,,,3/2/21
56,TRUE,,Rush University Medical Center,Testing,2/15/21 16:44,FALSE,,,,,,,,TRUE,,TRUE,,,TRUE,,TRUE,TRUE,TRUE,TRUE,TRUE,TRUE,TRUE,,TRUE,TRUE,TRUE,2,2,0,0,2,2,,,,,TRUE,TRUE,,,,,,,,,,,2,2,0,0,0,2,0,0,2,2,2,2,0,2,,TRUE,TRUE,TRUE,,,,2,0,0,0,0,0,2,2,2,0,2,0,0,0,0,0,0,0,0,0,0,0,0,,TRUE,,TRUE,,,,0,0,0,0,TRUE,,,,,,,2,2,2,2,2,2,2,2,2,2,2,2,2,2,2,0,2,2,,,,,TRUE,TRUE,,2,2,2,2,0,0,2,0,2,0,2,TRUE,,,TRUE,,,,2,0,0,2,2,2,2,TRUE,,,TRUE,,,,2,0,0,2,2,2,2,2,2,2,0,0,0,TRUE,,,TRUE,,,,,,,,,,,,,,,,,,,,,,,,,,,,,,,,,,2,2,2,2,2,2,2,2,2,2,2,0,0,2,,TRUE,,TRUE,,,,0,0,0,0,0,0,,,,TRUE,,,,1,1,1,1,1,1,1,1,1,1,1,1,1,1,,,TRUE,,TRUE,TRUE,,TRUE,TRUE,TRUE,,,,TRUE,,,,TRUE,,,,,,,,,,
57,TRUE,,"University Of California, San Diego",Testing,2/15/21 9:31,FALSE,,,,,,,,TRUE,,TRUE,,,TRUE,,,,,,,,,,,,TRUE,1,1,0,0,2,1,,,TRUE,,TRUE,TRUE,,,,,,,,,,,,,,,,,,,,,,,,,,,,,,,,,,,,,,,,,,,,,,,,,,,,,,,,,,,,,,,,,,,,,,,,,,,,,,,,,,,,,,,,,,,,,,,,,,,,,,,,,,,,,,,,,,,,,,,,,,,,,,,,,,,,,,,,,,,,,,,,,,,,,,,,,,,,,,,,,,,,,,,,,,,,,,,,,,,,,,,,,,,,,,,,,,,,,,,,,,,,,,,,,,,,,,1,1,1,1,1,1,1,1,1,1,1,1,1,1,,,TRUE,,TRUE,TRUE,,TRUE,TRUE,TRUE,TRUE,TRUE,,TRUE,,,,,,TRUE,,,TRUE,,,TRUE,,3/4/21
58,,,University Of Arkansas For Medical Science,Non-testing,2/19/21 11:02,FALSE,,,,,,,,TRUE,,,,,TRUE,TRUE,TRUE,TRUE,,,TRUE,TRUE,TRUE,TRUE,,TRUE,TRUE,2,2,0,0,0,1,,TRUE,,,TRUE,TRUE,,0,1,,,,,TRUE,TRUE,,2,2,0,0,2,2,2,2,2,2,0,0,0,2,,TRUE,,,TRUE,TRUE,,2,2,0,0,0,2,2,2,2,2,2,2,2,2,2,2,2,2,2,2,2,2,2,,TRUE,,,TRUE,TRUE,,,,,,,,,,,,,,,,,,,,,,,,,,,,,,,,,,,,,,2,2,2,2,2,2,2,0,2,2,0,,TRUE,,,TRUE,TRUE,,2,2,2,2,0,2,2,,,,,TRUE,TRUE,,2,2,2,0,0,0,0,2,2,2,2,0,0,,,,,TRUE,TRUE,,2,0,2,2,2,2,2,2,2,2,2,2,0,2,2,2,2,0,0,0,0,2,2,TRUE,,,,TRUE,TRUE,,,,,,,,,,,,,,,,,,,,,,,0,0,0,0,0,0,,,,,TRUE,TRUE,,1,1,1,1,1,1,1,1,1,1,1,1,1,1,,,TRUE,,TRUE,TRUE,,FALSE,,,,,TRUE,TRUE,,,,,,TRUE,,TRUE,TRUE,TRUE,,TRUE,,
59,,,Washington University,Testing,2/20/21 10:23,TRUE,FALSE,,,,,,TRUE,TRUE,,,,,,TRUE,,,,,,,,TRUE,,,TRUE,,,,,,,,,,,,,,1,1,,,TRUE,,TRUE,,,,,,,,,,,,,,,,,,,,,,,,,,,,,,,,,,,,,,,,,,,,,,,,,,,,,,,,,,,,,,,,,,,,,,,,,,,,,,,,,,,,,,,,,,,,,,,,,,,,,,,,,,,,,,,,,,,,,,,,,,,,,,,,,,,,,,,,,,,,,,0,0,0,0,0,0,0,0,0,0,0,0,0,0,0,0,0,0,0,0,0,0,0,TRUE,,,,,,,,,,,,,,,,,,,,,,,,,,,,,,,,,,,,,,,,,0,0,0,0,0,0,0,0,0,0,0,0,0,0,,,TRUE,,TRUE,,,TRUE,,,,,TRUE,TRUE,,,TRUE,TRUE,TRUE,TRUE,,,,,,TRUE,,3/16/21
60,,,Charles R. Drew University Of Med & Science,SEBI,2/8/21 15:54,FALSE,,,,,,,,TRUE,,,,,TRUE,,,,,,,,,,,TRUE,TRUE,1,1,0,0,0,2,,,TRUE,,TRUE,,,,,,,,,,,,,,,,,,,,,,,,,,,,,,,,,,,,,,,,,,,,,,,,,,,,,,,,,,,,,,,,,,,,,,,,,,,,,,,,,,,,,,,,,,,,,,,,,,,,,,,,,,,,,,,,,,,,,,,,,,,,,,,,,,,,,,,,,,,,,,,,,,,,,,,,,,,,,,,,,,,,,,,,,,,,,,,,,,,,,,,,,,,,,,,,,,,,,,,,,,0,0,0,0,0,0,,,TRUE,,TRUE,,,1,1,1,1,1,1,1,1,1,0,1,0,1,1,,,TRUE,,TRUE,,,FALSE,,,,,TRUE,TRUE,,,,TRUE,,TRUE,,,,,,,,3/1/21
61,,,Medical College Of Wisconsin,SEBI,2/9/21 15:05,FALSE,,,,,,,,TRUE,,,,,TRUE,,,,,,TRUE,,,,,,TRUE,,,,,,,,,,,,,,,,,,,,,,,,,,,,,,,,,,,,,,,,,,,,,,,,,,,,,,,,,,,,,,,,,,,,,,,,,,,,,,,,,,,,,,,,,,,,,,,,,,,,,,,,,,,,,,,0,0,0,0,0,0,0,0,,,,,,,TRUE,TRUE,,,,,,,,,,,,,,,,,,,,,,,,,,,,,,,,,,,,,,,,,,,,,,,,,,,,,,,,,,,,,,,,,,,,,,,,,,,,,,,,,,,,,,,,,,,,,,,,,,,,,1,1,1,1,1,1,,,0,,0,1,0,,,TRUE,,TRUE,TRUE,,TRUE,TRUE,TRUE,,,,FALSE,,,,TRUE,,,,,,,,,,
62,,,University Of South Florida,SEBI,2/16/21 22:29,FALSE,,,,,,,,TRUE,,TRUE,TRUE,,TRUE,,TRUE,TRUE,,,,,,TRUE,TRUE,,TRUE,2,2,0,0,2,1,,,TRUE,,TRUE,TRUE,,,,,,,,,,,2,2,2,2,2,2,2,2,2,2,0,2,0,2,TRUE,,TRUE,,TRUE,TRUE,,2,2,2,2,0,2,2,2,2,2,2,2,2,2,2,2,2,2,2,2,2,2,2,,,,,,TRUE,,,,,,,,,,,,,,,,,,,,,,,,,,,,,,,,,,,,,,,,,,,,,,,,,,,,,,,,,,,,,,,,,,,,,,,,,,,,,,,,,,,,,,,,,,0,0,0,0,0,0,0,0,0,0,0,0,0,0,0,0,0,0,0,0,0,0,0,TRUE,,,,,,,0,0,0,0,0,0,0,0,0,0,0,0,0,0,TRUE,,,,,,,,,,,,,,,,,,,,1,1,1,1,1,1,1,1,1,1,1,1,1,1,,,TRUE,,TRUE,TRUE,,TRUE,TRUE,TRUE,TRUE,TRUE,,TRUE,,,,,,TRUE,,,,,,,,2/26/21
63,,,New York University School Of Medicine,SEBI,2/12/21 11:51,FALSE,,,,,,,,TRUE,,,,,,,TRUE,,TRUE,,,,TRUE,TRUE,TRUE,TRUE,,,,,,,,,,,,,,,,,,,,,,,,2,2,2,2,2,2,2,2,2,2,0,0,0,2,TRUE,,TRUE,,,,,,,,,,,,,,,,,,,,,,,,,,,,,,,,,,,0,0,0,0,TRUE,,,,,,,,,,,,,,,,,,,,,,,,,,,,,,,,,,,,,,,,,,,,,,,,,,,,,,,,,,,,,,,,0,2,2,2,2,2,2,2,2,2,2,2,2,,,,,,,,0,0,0,0,0,0,0,0,0,0,0,0,0,0,0,0,0,0,0,0,0,0,0,TRUE,,,,,,,0,0,0,0,0,0,0,0,0,0,0,0,0,0,TRUE,,,,,,,2,2,2,2,2,2,,,,,,,,,,,,,,,,,,,,,,,,,,,,,TRUE,TRUE,TRUE,,,,TRUE,,,,TRUE,,TRUE,,,,,,,,2/23/21
64,,,Johns Hopkins University,Testing,,,,,,,,,,,,,,,,,,,,,,,,,,,,,,,,,,,,,,,,,,,,,,,,,,,,,,,,,,,,,,,,,,,,,,,,,,,,,,,,,,,,,,,,,,,,,,,,,,,,,,,,,,,,,,,,,,,,,,,,,,,,,,,,,,,,,,,,,,,,,,,,,,,,,,,,,,,,,,,,,,,,,,,,,,,,,,,,,,,,,,,,,,,,,,,,,,,,,,,,,,,,,,,,,,,,,,,,,,,,,,,,,,,,,,,,,,,,,,,,,,,,,,,,,,,,,,,,,,,,,,,,,,,,,,,,,,,,,,,,FALSE,,,,TRUE,,,,,,,,,,2/19/21
65,,,University Of New Mexico Health Science Center,Testing,2/8/21 20:38,FALSE,,,,,,,,,,,,TRUE,,,,,,,,,,,,,,,,,,,,,,,,,,,,,,,,,,,,,,,,,,,,,,,,,,,,,,,,,,,,,,,,,,,,,,,,,,,,,,,,,,,,,,,,,,,,,,,,,,,,,,,,,,,,,,,,,,,,,,,,,,,,,,,,,,,,,,,,,,,,,,,,,,,,,,,,,,,,,,,,,,,,,,,,,,,,,,,,,,,,,,,,,,,,,,,,,,,,,,,,,,,,,,,,,,,,,,,,,,,,,,,,,,,,,,,,,,,,,,,,,,,,,,,,,,,,,,,,,,,,,,,,,,TRUE,,TRUE,,,,TRUE,,,,,,,TRUE,3/2/21
66,,,Howard University,SEBI,2/17/21 20:58,FALSE,,,,,,,,TRUE,TRUE,TRUE,,,TRUE,,,,,,,,,,,,,0,2,0,0,2,1,TRUE,,,,,,,,,,,,,,,,,,,,,,,,,,,,,,,,,,,,,,,,,,,,,,,,,,,,,,,,,,,,,,,,,,,,,,,,,,,,,,,,,,,,,,,,,,,,,,,,,,,,,,,,,,,,,,,,,,,,,,,,,,,,,,,,,,,,,,,,,,,,,,,,,,,,,,,,,,,,,,,,,,,,,,,,,,,,,,,,,,,,,,,,,,,,,,,,,,,,,,,,,,,,,,,,,,,,,,,,,,,,,,,,,,,,,,,,,,,,,,,,TRUE,,,,,TRUE,TRUE,,,,TRUE,,,,,TRUE,,,TRUE,TRUE,3/10/21
67,TRUE,,University Of Oregon,Testing,2/11/21 9:52,FALSE,,,,,,,,,TRUE,,,,,,,,,,,,,,,,,,,,,,,,,,,,,,,,,,,,,,,,,,,,,,,,,,,,,,,,,,,,,,,,,,,,,,,,,,,,,,,,,,,,,,,,,,,,,,,,,,,,,,,,,,,,,,,,,,,,,,,,,,,,,,,,,,,,,,,,,,,,,,,,,,,,,,,,,,,,,,,,,,,,,,,,,,,,,,,,,,,,,,,,,,,,,,,,,,,,,,,,,,,,,,,,,,,,,,,,,,,,,,,,,,,,,,,,,,,,,,,,,,,,,,,,,,,,,,,,,,,,,,,,,,,,,TRUE,,,,,,,,,,,,,TRUE,3/8/21
68,,,"University Of California, San Francisco",SEBI,3/5/21 11:35,FALSE,,,,,,,,TRUE,,TRUE,,,TRUE,,TRUE,TRUE,TRUE,TRUE,TRUE,TRUE,TRUE,TRUE,TRUE,TRUE,TRUE,2,2,0,0,0,1,,,TRUE,,TRUE,,,,,,,,,,,,2,2,2,0,2,0,0,0,2,0,2,0,0,2,,TRUE,TRUE,,TRUE,,,2,2,0,0,0,0,2,2,2,2,2,0,0,0,0,0,0,0,0,2,2,2,2,TRUE,TRUE,,,,,,0,0,0,0,TRUE,,,,,,,0,0,0,0,0,0,0,0,0,0,0,0,0,0,0,0,0,0,TRUE,,,,,,,2,0,0,0,0,0,0,0,0,2,0,TRUE,,,,,,,2,0,0,2,2,2,2,TRUE,,,,,,,2,0,0,2,2,2,2,2,2,2,2,2,2,TRUE,,,,,,,0,0,0,0,0,0,0,0,0,0,0,0,0,0,0,0,0,0,0,0,0,0,0,TRUE,,,,,,,0,0,0,0,0,0,0,0,0,0,0,0,0,0,TRUE,,,,,,,2,0,0,2,2,2,TRUE,,,,,,,1,1,1,1,1,1,1,1,1,1,1,1,1,0,TRUE,,TRUE,,,,,FALSE,,,,,TRUE,TRUE,,,TRUE,,,,,,,,,,,3/10/21
69,,,Xavier University Of Louisiana,SEBI,2/9/21 7:02,FALSE,,,,,,,,TRUE,,,,,,,,,,,,,TRUE,TRUE,TRUE,,TRUE,,,,,,,,,,,,,,,,,,,,,,,,,,,,,,,,,,,,,,,,,,,,,,,,,,,,,,,,,,,,,,,,,,,,,,,,,,,,,,,,,,,,,,,,,,,,,,,,,,,,,,,,,,,,,,,,,,,,,,,,,,,,,,,,,,,,,,,,,,,,,,0,2,2,2,2,2,2,2,2,2,0,2,2,TRUE,,,,,,,0,0,0,0,0,0,0,0,0,0,0,0,0,0,0,0,0,0,0,0,0,0,0,TRUE,,,,,,,0,0,0,0,0,0,0,0,0,0,0,0,0,0,TRUE,,,,,,,,,,,,,,,,,,,,1,1,1,1,1,1,1,1,0,1,1,0,1,0,,,TRUE,,,,,TRUE,,,,,TRUE,TRUE,,,,TRUE,,,,,TRUE,,,,,3/2/21
70,,,University Of Illinois At Urbana-Champaign,Testing,2/20/21 20:56,FALSE,,,,,,,,TRUE,,TRUE,,,TRUE,,TRUE,TRUE,,TRUE,TRUE,TRUE,,TRUE,TRUE,TRUE,TRUE,2,2,2,0,2,2,,,TRUE,,TRUE,,,,,,,,,,,,2,2,2,2,2,2,2,2,0,2,2,2,2,2,TRUE,TRUE,,,,,,0,2,2,2,0,2,2,0,2,2,2,2,2,2,2,2,2,2,2,2,2,2,2,,,,,,,,,,,,,,,,,,,2,2,0,0,2,2,2,2,2,2,2,0,0,2,2,0,2,2,,TRUE,,,,,,2,2,2,2,2,2,2,2,2,2,0,,,TRUE,,,,,2,2,2,2,2,2,2,,,,,,,,,,,,,,,,,,,,,,,,,,,,0,0,0,0,0,0,0,0,0,0,0,0,0,0,0,0,0,0,0,0,0,0,0,TRUE,,,,,,,0,2,2,2,2,0,0,2,2,2,0,0,0,2,,,,,,,,0,2,2,2,0,2,,,,,,,,0,2,2,2,0,2,2,2,2,2,2,0,0,2,,TRUE,,,,,,,,,,,,TRUE,,TRUE,,TRUE,,TRUE,,,TRUE,,,,TRUE,2/25/21